"taxa","family","genus","rank"
"Eutrigla gurnardus","Triglidae","Eutrigla","Species"
"Callionymus lyra","Callionymidae","Callionymus","Species"
"Solea solea","Soleidae","Solea","Species"
"Gadus morhua","Gadidae","Gadus","Species"
"Hippoglossoides platessoides","Pleuronectidae","Hippoglossoides","Species"
"Limanda limanda","Pleuronectidae","Limanda","Species"
"Merlangius merlangus","Gadidae","Merlangius","Species"
"Pleuronectes platessa","Pleuronectidae","Pleuronectes","Species"
"Scomber scombrus","Scombridae","Scomber","Species"
"Trisopterus minutus","Gadidae","Trisopterus","Species"
"Clupea harengus","Clupeidae","Clupea","Species"
"Sprattus sprattus","Clupeidae","Sprattus","Species"
"Microstomus kitt","Pleuronectidae","Microstomus","Species"
"Gaidropsarus vulgaris","Lotidae","Gaidropsarus","Species"
"Trisopterus esmarkii","Gadidae","Trisopterus","Species"
"Melanogrammus aeglefinus","Gadidae","Melanogrammus","Species"
"Trisopterus luscus","Gadidae","Trisopterus","Species"
"Cyclopterus lumpus","Cyclopteridae","Cyclopterus","Species"
"Amblyraja radiata","Rajidae","Amblyraja","Species"
"Squalus acanthias","Squalidae","Squalus","Species"
"Anarhichas lupus","Anarhichadidae","Anarhichas","Species"
"Pollachius virens","Gadidae","Pollachius","Species"
"Pollachius pollachius","Gadidae","Pollachius","Species"
"Sebastes","Sebastidae","Sebastes","Genus"
"Buglossidium luteum","Soleidae","Buglossidium","Species"
"Platichthys flesus","Pleuronectidae","Platichthys","Species"
"Echiichthys vipera","Trachinidae","Echiichthys","Species"
"Agonus cataphractus","Agonidae","Agonus","Species"
"Raja clavata","Rajidae","Raja","Species"
"Triglidae","Triglidae",NA,"Family"
"Merluccius merluccius","Merlucciidae","Merluccius","Species"
"Molva molva","Lotidae","Molva","Species"
"Leucoraja naevus","Rajidae","Leucoraja","Species"
"Myxine glutinosa","Myxinidae","Myxine","Species"
"Argentina","Argentinidae","Argentina","Genus"
"Glyptocephalus cynoglossus","Pleuronectidae","Glyptocephalus","Species"
"Dipturus","Rajidae","Dipturus","Genus"
"Lumpenus lampretaeformis","Stichaeidae","Lumpenus","Species"
"Gaidropsarus","Lotidae","Gaidropsarus","Genus"
"Lophiidae","Lophiidae",NA,"Family"
"Scophthalmus maximus","Scophthalmidae","Scophthalmus","Species"
"Micromesistius poutassou","Gadidae","Micromesistius","Species"
"Enchelyopus cimbrius","Lotidae","Enchelyopus","Species"
"Triglops murrayi","Cottidae","Triglops","Species"
"Scophthalmus rhombus","Scophthalmidae","Scophthalmus","Species"
"Callionymidae","Callionymidae",NA,"Family"
"Alosa","Alosidae","Alosa","Genus"
"Rajidae","Rajidae",NA,"Family"
"Lophius piscatorius","Lophiidae","Lophius","Species"
"Engraulis encrasicolus","Engraulidae","Engraulis","Species"
"Trachinus draco","Trachinidae","Trachinus","Species"
"Chelidonichthys cuculus","Triglidae","Chelidonichthys","Species"
"Lepidorhombus whiffiagonis","Scophthalmidae","Lepidorhombus","Species"
"Ammodytidae","Ammodytidae",NA,"Family"
"Myoxocephalus scorpius","Cottidae","Myoxocephalus","Species"
"Ammodytes","Ammodytidae","Ammodytes","Genus"
"Hippoglossus hippoglossus","Pleuronectidae","Hippoglossus","Species"
"Raja montagui","Rajidae","Raja","Species"
"Sebastes viviparus","Sebastidae","Sebastes","Species"
"Scyliorhinus canicula","Scyliorhinidae","Scyliorhinus","Species"
"Mustelus","Triakidae","Mustelus","Genus"
"Zeus faber","Zeidae","Zeus","Species"
"Pagellus erythrinus","Sparidae","Pagellus","Species"
"Stichaeidae","Stichaeidae",NA,"Family"
"Myctophidae","Myctophidae",NA,"Family"
"Gadiculus argenteus","Gadidae","Gadiculus","Species"
"Cottidae","Cottidae",NA,"Family"
"Galeus melastomus","Pentanchidae","Galeus","Species"
"Trachurus trachurus","Carangidae","Trachurus","Species"
"Gobiidae","Gobiidae",NA,"Family"
"Etmopterus spinax","Etmopteridae","Etmopterus","Species"
"Maurolicus muelleri","Sternoptychidae","Maurolicus","Species"
"Raja brachyura","Rajidae","Raja","Species"
"Zeugopterus norvegicus","Scophthalmidae","Phrynorhombus","Species"
"Anarhichas minor","Anarhichadidae","Anarhichas","Species"
"Microchirus variegatus","Soleidae","Microchirus","Species"
"Callionymus","Callionymidae","Callionymus","Genus"
"Sparidae","Sparidae",NA,"Family"
"Sardina pilchardus","Alosidae","Sardina","Species"
"Bothidae","Bothidae",NA,"Family"
"Zeugopterus regius","Scophthalmidae","Zeugopterus","Species"
"Arnoglossus laterna","Bothidae","Arnoglossus","Species"
"Brosme brosme","Lotidae","Brosme","Species"
"Hyperoplus lanceolatus","Ammodytidae","Hyperoplus","Species"
"Anarhichadidae","Anarhichadidae",NA,"Family"
"Chimaera monstrosa","Chimaeridae","Chimaera","Species"
"Cyclopteridae","Cyclopteridae",NA,"Family"
"Raja","Rajidae","Raja","Genus"
"Ammodytes tobianus","Ammodytidae","Ammodytes","Species"
"Lycodes vahlii","Zoarcidae","Lycodes","Species"
"Phycis blennoides","Phycidae","Phycis","Species"
"Gasterosteidae","Gasterosteidae",NA,"Family"
"Taurulus bubalis","Cottidae","Taurulus","Species"
"Pomatoschistus","Gobiidae","Pomatoschistus","Genus"
"Aphia minuta","Gobiidae","Aphia","Species"
"Liparis","Liparidae","Liparis","Genus"
"Anarhichas","Anarhichadidae","Anarhichas","Genus"
"Lycodes","Zoarcidae","Lycodes","Genus"
"Syngnathidae","Syngnathidae",NA,"Family"
"Gasterosteus aculeatus","Gasterosteidae","Gasterosteus","Subspecies"
"Zeugopterus punctatus","Scophthalmidae","Zeugopterus","Species"
"Argentinidae","Argentinidae",NA,"Family"
"Ammodytes marinus","Ammodytidae","Ammodytes","Species"
"Salmo trutta","Salmonidae","Salmo","Subspecies"
"Zoarces viviparus","Zoarcidae","Zoarces","Species"
"Syngnathus","Syngnathidae","Syngnathus","Genus"
"Gobius auratus","Gobiidae","Gobius","Species"
"Anguilla anguilla","Anguillidae","Anguilla","Species"
"Petromyzon marinus","Petromyzontidae","Petromyzon","Species"
"Belone belone","Belonidae","Belone","Species"
"Conger conger","Congridae","Conger","Species"
"Helicolenus dactylopterus","Sebastidae","Helicolenus","Species"
"Leucoraja fullonica","Rajidae","Leucoraja","Species"
"Ciliata","Lotidae","Ciliata","Genus"
"Echiodon drummondii","Carapidae","Echiodon","Species"
"Scyliorhinus","Scyliorhinidae","Scyliorhinus","Genus"
"Lycenchelys sarsii","Zoarcidae","Lycenchelys","Species"
"Anguillidae","Anguillidae",NA,"Family"
"Entelurus aequoreus","Syngnathidae","Entelurus","Species"
"Raja undulata","Rajidae","Raja","Species"
"Molva dypterygia","Lotidae","Molva","Species"
"Pholis gunnellus","Pholidae","Pholis","Species"
"Raniceps raninus","Gadidae","Raniceps","Species"
"Gobius","Gobiidae","Gobius","Genus"
"Scyliorhinus stellaris","Scyliorhinidae","Scyliorhinus","Species"
"Crystallogobius linearis","Gobiidae","Crystallogobius","Species"
"Osmerus eperlanus","Osmeridae","Osmerus","Species"
"Galeorhinus galeus","Triakidae","Galeorhinus","Species"
"Mullus surmuletus","Mullidae","Mullus","Species"
"Scomberesox saurus","Scomberesocidae","Scomberesox","Subspecies"
"Gadiculus","Gadidae","Gadiculus","Genus"
"Diplecogaster bimaculata","Gobiesocidae","Diplecogaster","Subspecies"
"Chelidonichthys lucerna","Triglidae","Chelidonichthys","Species"
"Coryphaenoides rupestris","Macrouridae","Coryphaenoides","Species"
"Gaidropsarus mediterraneus","Lotidae","Gaidropsarus","Species"
"Salmo salar","Salmonidae","Salmo","Species"
"Soleidae","Soleidae",NA,"Family"
"Leptoclinus maculatus","Stichaeidae","Leptoclinus","Species"
"Capros aper","Caproidae","Capros","Species"
"Leucoraja circularis","Rajidae","Leucoraja","Species"
"Spondyliosoma cantharus","Sparidae","Spondyliosoma","Species"
"Buglossidium","Soleidae","Buglossidium","Genus"
"Arnoglossus","Bothidae","Arnoglossus","Genus"
"Dicentrarchus labrax","Moronidae","Dicentrarchus","Species"
"Gymnammodytes semisquamatus","Ammodytidae","Gymnammodytes","Species"
"Lampetra fluviatilis","Petromyzontidae","Lampetra","Species"
"Spinachia spinachia","Gasterosteidae","Spinachia","Species"
"Scorpaena scrofa","Scorpaenidae","Scorpaena","Species"
"Microchirus","Soleidae","Microchirus","Genus"
"Zeugopterus","Scophthalmidae","Zeugopterus","Genus"
"Mugilidae","Mugilidae",NA,"Family"
"Lepadogaster","Gobiesocidae","Lepadogaster","Genus"
"Syngnathus","Syngnathidae","Nerophis","Genus"
"Caproidae","Caproidae",NA,"Family"
"Chelon labrosus","Mugilidae","Chelon","Species"
"Labrus bergylta","Labridae","Labrus","Species"
"Lophius budegassa","Lophiidae","Lophius","Species"
"Dicentrarchus","Moronidae","Dicentrarchus","Genus"
"Chelon auratus","Mugilidae","Chelon","Species"
"Arnoglossus imperialis","Bothidae","Arnoglossus","Species"
"Trachyrincus murrayi","Macrouridae","Trachyrincus","Species"
"Hyperoplus immaculatus","Ammodytidae","Hyperoplus","Species"
"Blennius","Blenniidae","Blennius","Genus"
"Pegusa lascaris","Soleidae","Pegusa","Species"
"Lesueurigobius","Gobiidae","Lesueurigobius","Genus"
"Leucoraja lentiginosa","Rajidae","Leucoraja","Species"
"Dasyatis pastinaca","Dasyatidae","Dasyatis","Species"
"Hyperoplus","Ammodytidae","Hyperoplus","Genus"
"Lesueurigobius friesii","Gobiidae","Lesueurigobius","Species"
"Artediellus atlanticus","Cottidae","Artediellus","Species"
"Symphodus melops","Labridae","Symphodus","Species"
"Ctenolabrus rupestris","Labridae","Ctenolabrus","Species"
"Salmo","Salmonidae","Salmo","Genus"
"Micrenophrys lilljeborgii","Cottidae","Micrenophrys","Species"
"Zoarcidae","Zoarcidae",NA,"Family"
"Somniosus microcephalus","Somniosidae","Somniosus","Species"
"Leptagonus decagonus","Agonidae","Leptagonus","Species"
"Acipenser sturio","Acipenseridae","Acipenser","Species"
"Thunnus thynnus","Scombridae","Thunnus","Species"
"Petromyzon","Petromyzontidae","Petromyzon","Genus"
"Atherina presbyter","Atherinidae","Atherina","Species"
"Chelidonichthys lastoviza","Triglidae","Chelidonichthys","Species"
"Sparus aurata","Sparidae","Sparus","Species"
"Mullus barbatus","Mullidae","Mullus","Subspecies"
"Mugil cephalus","Mugilidae","Mugil","Species"
"Eutrigla","Triglidae","Eutrigla","Genus"
"Echiichthys","Trachinidae","Echiichthys","Genus"
"Trigla","Triglidae","Trigla","Genus"
"Chelidonichthys","Triglidae","Chelidonichthys","Genus"
"Dipturus oxyrinchus","Rajidae","Dipturus","Species"
"Zeidae","Zeidae",NA,"Family"
"Lycodes gracilis","Zoarcidae","Lycodes","Species"
"Arctozenus risso","Paralepididae","Arctozenus","Species"
"Gobiesocidae","Gobiesocidae",NA,"Family"
"Blenniidae","Blenniidae",NA,"Family"
"Gaidropsarus macrophthalmus","Lotidae","Gaidropsarus","Species"
"Bathyraja brachyurops","Arhynchobatidae","Bathyraja","Species"
"Lepidorhombus boscii","Scophthalmidae","Lepidorhombus","Species"
"Chelon","Mugilidae","Chelon","Genus"
"Brama brama","Bramidae","Brama","Species"
"Pomatoschistus lozanoi","Gobiidae","Pomatoschistus","Species"
"Ophidion barbatum","Ophidiidae","Ophidion","Species"
"Cottunculus microps","Psychrolutidae","Cottunculus","Species"
"Centrophorus granulosus","Centrophoridae","Centrophorus","Species"
"Centrolabrus exoletus","Labridae","Centrolabrus","Species"
"Diplecogaster","Gobiesocidae","Diplecogaster","Genus"
"Raja microocellata","Rajidae","Raja","Species"
"Gaidropsarus argentatus","Lotidae","Gaidropsarus","Species"
"Sarpa salpa","Sparidae","Sarpa","Species"
"Clupeidae","Clupeidae",NA,"Family"
"Trigloporus","Triglidae","Trigloporus","Genus"
"Triglops","Cottidae","Triglops","Genus"
"Trigla lyra","Triglidae","Trigla","Species"
"Buenia jeffreysii","Gobiidae","Buenia","Species"
"Macroramphosus scolopax","Centriscidae","Macroramphosus","Species"
"Pterycombus brama","Bramidae","Pterycombus","Species"
"Hippocampus hippocampus","Syngnathidae","Hippocampus","Species"
"Blennius ocellaris","Blenniidae","Blennius","Species"
"Icelus bicornis","Cottidae","Icelus","Species"
"Labrus mixtus","Labridae","Labrus","Species"
"Phycidae","Phycidae",NA,"Family"
"Pomatoschistus norvegicus","Gobiidae","Pomatoschistus","Species"
"Chirolophis ascanii","Stichaeidae","Chirolophis","Species"
"Labrus merula","Labridae","Labrus","Species"
"Coelorinchus caelorhincus","Macrouridae","Coelorinchus","Species"
"Anguilla","Anguillidae","Anguilla","Genus"
"Mullus","Mullidae","Mullus","Genus"
"Parablennius gattorugine","Blenniidae","Parablennius","Species"
"Trachipterus arcticus","Trachipteridae","Trachipterus","Species"
"Lamna nasus","Lamnidae","Lamna","Species"
"Nerophis lumbriciformis","Syngnathidae","Nerophis","Species"
"Lepadogaster lepadogaster","Gobiesocidae","Lepadogaster","Species"
"Sarda sarda","Scombridae","Sarda","Species"
"Scomber japonicus","Scombridae","Scomber","Species"
"Polyprion americanus","Polyprionidae","Polyprion","Species"
"Cetorhinus maximus","Cetorhinidae","Cetorhinus","Species"
"Malacocephalus laevis","Macrouridae","Malacocephalus","Species"
"Rajella fyllae","Rajidae","Rajella","Species"
"Gobius paganellus","Gobiidae","Gobius","Species"
"Atherina","Atherinidae","Atherina","Genus"
"Rajella lintea","Rajidae","Dipturus","Species"
"Liparidae","Liparidae",NA,"Family"
"Symphodus bailloni","Labridae","Symphodus","Species"
"Hippocampus","Syngnathidae","Hippocampus","Genus"
"Gobius gasteveni","Gobiidae","Gobius","Species"
"Labridae","Labridae",NA,"Family"
"Myoxocephalus quadricornis","Cottidae","Myoxocephalus","Species"
"Coregonus albula","Salmonidae","Coregonus","Species"
"Pungitius pungitius","Gasterosteidae","Pungitius","Species"
"Argyropelecus olfersii","Sternoptychidae","Argyropelecus","Species"
"Lipophrys pholis","Blenniidae","Lipophrys","Species"
"Gobius","Gobiidae","Neogobius","Genus"
"Regalecus glesne","Regalecidae","Regalecus","Species"
"Acantholabrus palloni","Labridae","Acantholabrus","Species"
"Neogobius","Gobiidae","Neogobius","Genus"
"Pomatoschistus flavescens","Gobiidae","Gobiusculus","Species"
"Caranx rhonchus","Carangidae","Caranx","Species"
"Boops boops","Sparidae","Boops","Species"
"Trachurus mediterraneus","Carangidae","Trachurus","Species"
"Cepola macrophthalma","Cepolidae","Cepola","Species"
"Chelidonichthys obscurus","Triglidae","Chelidonichthys","Species"
"Dicologlossa cuneata","Soleidae","Dicologlossa","Species"
"Pagrus pagrus","Sparidae","Pagrus","Species"
"Torpedo marmorata","Torpedinidae","Torpedo","Species"
"Argyrosomus regius","Sciaenidae","Argyrosomus","Species"
"Lithognathus mormyrus","Sparidae","Lithognathus","Species"
"Bathysolea profundicola","Soleidae","Bathysolea","Species"
"Lepidion eques","Moridae","Lepidion","Species"
"Notoscopelus kroyeri","Myctophidae","Notoscopelus","Species"
"Trachurus picturatus","Carangidae","Trachurus","Species"
"Scorpaena loppei","Scorpaenidae","Scorpaena","Species"
"Beryx splendens","Berycidae","Beryx","Species"
"Balistes capriscus","Balistidae","Balistes","Species"
"Molva macrophthalma","Lotidae","Molva","Species"
"Tetronarce nobiliana","Torpedinidae","Tetronarce","Species"
"Arnoglossus thori","Bothidae","Arnoglossus","Species"
"Pagellus acarne","Sparidae","Pagellus","Species"
"Umbrina canariensis","Sciaenidae","Umbrina","Species"
"Serranus hepatus","Serranidae","Serranus","Species"
"Lampanyctus crocodilus","Myctophidae","Lampanyctus","Species"
"Pagellus","Sparidae","Pagellus","Genus"
"Macrourus berglax","Macrouridae","Macrourus","Species"
"Xiphias gladius","Xiphiidae","Xiphias","Species"
"Serranus cabrilla","Serranidae","Serranus","Species"
"Pagellus bogaraveo","Sparidae","Pagellus","Species"
"Dicentrarchus punctatus","Moronidae","Dicentrarchus","Species"
"Deania calceus","Centrophoridae","Deania","Species"
"Myliobatis aquila","Myliobatidae","Myliobatis","Species"
"Solea senegalensis","Soleidae","Solea","Species"
"Gaidropsarus biscayensis","Lotidae","Gaidropsarus","Species"
"Xenodermichthys copei","Alepocephalidae","Xenodermichthys","Species"
"Hexanchus griseus","Hexanchidae","Hexanchus","Species"
"Argyropelecus hemigymnus","Sternoptychidae","Argyropelecus","Species"
"Beryx decadactylus","Berycidae","Beryx","Species"
"Mora moro","Moridae","Mora","Species"
"Polymetme corythaeola","Phosichthyidae","Polymetme","Species"
"Hymenocephalus italicus","Macrouridae","Hymenocephalus","Species"
"Synaphobranchus kaupii","Synaphobranchidae","Synaphobranchus","Species"
"Rajella bathyphila","Rajidae","Rajella","Species"
"Lepidopus caudatus","Trichiuridae","Lepidopus","Species"
"Diplodus sargus","Sparidae","Diplodus","Subspecies"
"Dalatias licha","Dalatiidae","Dalatias","Species"
"Scorpaena porcus","Scorpaenidae","Scorpaena","Species"
"Diaphus","Myctophidae","Diaphus","Genus"
"Halargyreus johnsonii","Moridae","Halargyreus","Species"
"Argyropelecus","Sternoptychidae","Argyropelecus","Genus"
"Centroscyllium fabricii","Etmopteridae","Centroscyllium","Species"
"Hoplostethus mediterraneus","Trachichthyidae","Hoplostethus","Subspecies"
"Nezumia sclerorhynchus","Macrouridae","Nezumia","Species"
"Serranus scriba","Serranidae","Serranus","Species"
"Hippocampus guttulatus","Syngnathidae","Hippocampus","Species"
"Diplodus vulgaris","Sparidae","Diplodus","Species"
"Chlorophthalmus agassizi","Chlorophthalmidae","Chlorophthalmus","Species"
"Myctophum punctatum","Myctophidae","Myctophum","Species"
"Scorpaena notata","Scorpaenidae","Scorpaena","Species"
"Scymnodon ringens","Somniosidae","Scymnodon","Species"
"Ceratoscopelus maderensis","Myctophidae","Ceratoscopelus","Species"
"Cyttopsis rosea","Parazenidae","Cyttopsis","Species"
"Mola mola","Molidae","Mola","Species"
"Stomias boa","Stomiidae","Stomias","Subspecies"
"Macroparalepis affinis","Paralepididae","Macroparalepis","Species"
"Trachyrincus scabrus","Macrouridae","Trachyrincus","Species"
"Myctophum","Myctophidae","Myctophum","Genus"
"Scomber colias","Scombridae","Scomber","Species"
"Polymetme thaeocoryla","Phosichthyidae","Polymetme","Species"
"Spratelloides lewisi","Spratelloididae","Spratelloides","Species"
"Deania profundorum","Centrophoridae","Deania","Species"
"Lestidiops jayakari","Paralepididae","Lestidiops","Subspecies"
"Benthosema glaciale","Myctophidae","Benthosema","Species"
"Nezumia aequalis","Macrouridae","Nezumia","Species"
"Etmopterus princeps","Etmopteridae","Etmopterus","Species"
"Lepidotrigla dieuzeidei","Triglidae","Lepidotrigla","Species"
"Naucrates ductor","Carangidae","Naucrates","Species"
"Prionace glauca","Carcharhinidae","Prionace","Species"
"Dasyatis tortonesei","Dasyatidae","Dasyatis","Species"
"Diplodus sargus","Sparidae","Diplodus","Species"
"Symphodus roissali","Labridae","Symphodus","Species"
"Serrivomer beanii","Serrivomeridae","Serrivomer","Species"
"Engraulis maeoticus","Engraulidae","Engraulis","Species"
"Carapus acus","Carapidae","Carapus","Species"
"Ijimaia loppei","Ateleopodidae","Ijimaia","Species"
"Trachyscorpia echinata","Sebastidae","Trachyscorpia","Species"
"Diplodus cervinus","Sparidae","Diplodus","Subspecies"
"Aphanopus carbo","Trichiuridae","Aphanopus","Species"
"Pagellus bellottii","Sparidae","Pagellus","Species"
"Myoxocephalus scorpioides","Cottidae","Myoxocephalus","Species"
"Alopias vulpinus","Alopiidae","Alopias","Species"
"Macrouridae","Macrouridae",NA,"Family"
"Scorpaenidae","Scorpaenidae",NA,"Family"
"Galeus murinus","Pentanchidae","Galeus","Species"
"Rostroraja alba","Rajidae","Rostroraja","Species"
"Lampanyctus","Myctophidae","Lampanyctus","Genus"
"Notacanthidae","Notacanthidae",NA,"Family"
"Centroscymnus coelolepis","Somniosidae","Centroscymnus","Species"
"Epigonus telescopus","Epigonidae","Epigonus","Species"
"Notacanthus bonaparte","Notacanthidae","Notacanthus","Species"
"Chauliodus sloani","Stomiidae","Chauliodus","Species"
"Centrolophus niger","Centrolophidae","Centrolophus","Species"
"Centrophorus squamosus","Centrophoridae","Centrophorus","Species"
"Heptranchias perlo","Hexanchidae","Heptranchias","Species"
"Mullidae","Mullidae",NA,"Family"
"Coelorinchus labiatus","Macrouridae","Coelorinchus","Species"
"Balistes","Balistidae","Balistes","Genus"
"Centroselachus crepidater","Somniosidae","Centroscymnus","Species"
"Hydrolagus mirabilis","Chimaeridae","Hydrolagus","Species"
"Magnisudis atlantica","Paralepididae","Magnisudis","Species"
"Chimaera opalescens","Chimaeridae","Chimaera","Species"
"Petromyzontidae","Petromyzontidae",NA,"Family"
"Macroramphosus","Centriscidae","Macroramphosus","Genus"
"Synchiropus phaeton","Callionymidae","Synchiropus","Species"
"Lepidotrigla","Triglidae","Lepidotrigla","Genus"
"Citharus linguatula","Citharidae","Citharus","Species"
"Engraulis","Engraulidae","Engraulis","Genus"
"Scorpaena","Scorpaenidae","Scorpaena","Genus"
"Conger","Congridae","Conger","Genus"
"Anthias anthias","Serranidae","Anthias","Species"
"Dentex dentex","Sparidae","Dentex","Species"
"Gonostoma","Gonostomatidae","Gonostoma","Genus"
"Raja miraletus","Rajidae","Raja","Species"
"Nettastoma melanura","Nettastomatidae","Nettastoma","Species"
"Phycis phycis","Phycidae","Phycis","Species"
"Zenopsis conchifer","Zeidae","Zenopsis","Species"
"Diplodus puntazzo","Sparidae","Diplodus","Species"
"Monochirus hispidus","Soleidae","Monochirus","Species"
"Callanthias ruber","Callanthiidae","Callanthias","Species"
"Ephippion guttifer","Tetraodontidae","Ephippion","Species"
"Dentex maroccanus","Sparidae","Dentex","Species"
"Spicara maena","Sparidae","Spicara","Species"
"Microchirus boscanion","Soleidae","Microchirus","Species"
"Symphurus nigrescens","Cynoglossidae","Symphurus","Species"
"Benthodesmus elongatus","Trichiuridae","Benthodesmus","Species"
"Arnoglossus rueppelii","Bothidae","Arnoglossus","Species"
"Trachyscorpia cristulata","Sebastidae","Trachyscorpia","Subspecies"
"Lesueurigobius sanzi","Gobiidae","Lesueurigobius","Species"
"Diplodus annularis","Sparidae","Diplodus","Species"
"Microchirus azevia","Soleidae","Microchirus","Species"
"Sphoeroides pachygaster","Tetraodontidae","Sphoeroides","Species"
"Hoplostethus atlanticus","Trachichthyidae","Hoplostethus","Species"
"Etmopterus pusillus","Etmopteridae","Etmopterus","Species"
"Epigonus denticulatus","Epigonidae","Epigonus","Species"
"Nezumia bairdii","Macrouridae","Nezumia","Species"
"Diplodus bellottii","Sparidae","Diplodus","Species"
"Pagrus auriga","Sparidae","Pagrus","Species"
"Chaunax pictus","Chaunacidae","Chaunax","Species"
"Peristedion cataphractum","Peristediidae","Peristedion","Species"
"Auxis rochei","Scombridae","Auxis","Subspecies"
"Vinciguerria poweriae","Phosichthyidae","Vinciguerria","Species"
"Gnathophis mystax","Congridae","Gnathophis","Species"
"Pontinus kuhlii","Scorpaenidae","Pontinus","Species"
"Diplodus cervinus","Sparidae","Diplodus","Species"
"Uranoscopus scaber","Uranoscopidae","Uranoscopus","Species"
"Squalus blainville","Squalidae","Squalus","Species"
"Raja asterias","Rajidae","Raja","Species"
"Argyropelecus aculeatus","Sternoptychidae","Argyropelecus","Species"
"Neoraja iberica","Rajidae","Neoraja","Species"
"Lepidotrigla cavillone","Triglidae","Lepidotrigla","Species"
"Spicara smaris","Sparidae","Spicara","Species"
"Galeus atlanticus","Pentanchidae","Galeus","Species"
"Hygophum benoiti","Myctophidae","Hygophum","Species"
"Torpedo torpedo","Torpedinidae","Torpedo","Species"
"Symphodus","Labridae","Symphodus","Genus"
"Dentex gibbosus","Sparidae","Dentex","Species"
"Gadella maraldi","Moridae","Gadella","Species"
"Dentex canariensis","Sparidae","Dentex","Species"
"Schedophilus medusophagus","Centrolophidae","Schedophilus","Species"
"Physiculus dalwigki","Moridae","Physiculus","Species"
"Dipturus nidarosiensis","Rajidae","Dipturus","Species"
"Stomias ferox","Stomiidae","Stomias","Subspecies"
"Serranidae","Serranidae",NA,"Family"
"Apletodon dentatus","Gobiesocidae","Apletodon","Species"
"Hoplostethus mediterraneus","Trachichthyidae","Hoplostethus","Species"
"Paralepis coregonoides","Paralepididae","Paralepis","Species"
"Stomias boa","Stomiidae","Stomias","Species"
"Chiasmodon","Chiasmodontidae","Chiasmodon","Genus"
"Alepocephalus rostratus","Alepocephalidae","Alepocephalus","Species"
"Paraliparis membranaceus","Liparidae","Paraliparis","Species"
"Nemichthys scolopaceus","Nemichthyidae","Nemichthys","Species"
"Notacanthus","Notacanthidae","Notacanthus","Genus"
"Lampadena","Myctophidae","Lampadena","Genus"
"Melanostomias bartonbeani","Stomiidae","Melanostomias","Species"
"Nesiarchus nasutus","Gempylidae","Nesiarchus","Species"
"Chirostomias pliopterus","Stomiidae","Chirostomias","Species"
"Deltentosteus quadrimaculatus","Gobiidae","Deltentosteus","Species"
"Echiostoma barbatum","Stomiidae","Echiostoma","Species"
"Hoplostethus cadenati","Trachichthyidae","Hoplostethus","Species"
"Sagamichthys schnakenbecki","Platytroctidae","Sagamichthys","Species"
"Searsia koefoedi","Platytroctidae","Searsia","Species"
"Scomberesox saurus","Scomberesocidae","Scomberesox","Species"
"Melamphaes","Melamphaidae","Melamphaes","Genus"
"Poromitra capito","Melamphaidae","Poromitra","Species"
"Monomitopus metriostoma","Ophidiidae","Monomitopus","Species"
"Sigmops bathyphilus","Gonostomatidae","Sigmops","Species"
"Nansenia","Microstomatidae","Nansenia","Genus"
"Guttigadus latifrons","Moridae","Guttigadus","Species"
"Zeugopterus norvegicus","Scophthalmidae","Zeugopterus","Species"
"Parasudis fraserbrunneri","Chlorophthalmidae","Parasudis","Species"
"Lampadena atlantica","Myctophidae","Lampadena","Species"
"Notoscopelus","Myctophidae","Notoscopelus","Genus"
"Alepocephalus bairdii","Alepocephalidae","Alepocephalus","Species"
"Diretmus argenteus","Diretmidae","Diretmus","Species"
"Sigmops elongatus","Gonostomatidae","Sigmops","Species"
"Bellottia apoda","Bythitidae","Bellottia","Species"
"Howella brodiei","Howellidae","Howella","Species"
"Melanonus zugmayeri","Melanonidae","Melanonus","Species"
"Cataetyx alleni","Bythitidae","Cataetyx","Species"
"Lampanyctus photonotus","Myctophidae","Lampanyctus","Species"
"Polyacanthonotus rissoanus","Notacanthidae","Polyacanthonotus","Species"
"Nessorhamphus ingolfianus","Derichthyidae","Nessorhamphus","Species"
"Oxynotus paradoxus","Oxynotidae","Oxynotus","Species"
"Nansenia tenera","Microstomatidae","Nansenia","Species"
"Lobianchia gemellarii","Myctophidae","Lobianchia","Species"
"Urophycis chuss","Phycidae","Urophycis","Species"
"Alepocephalidae","Alepocephalidae",NA,"Family"
"Argyropelecus gigas","Sternoptychidae","Argyropelecus","Species"
"Electrona risso","Myctophidae","Electrona","Species"
"Lophius","Lophiidae","Lophius","Genus"
"Trachipterus trachypterus","Trachipteridae","Trachipterus","Species"
"Anoplogaster cornuta","Anoplogastridae","Anoplogaster","Species"
"Echiodon dentatus","Carapidae","Echiodon","Species"
"Melanostigma atlanticum","Zoarcidae","Melanostigma","Species"
"Poromitra crassiceps","Melamphaidae","Poromitra","Species"
"Neoscopelus macrolepidotus","Neoscopelidae","Neoscopelus","Species"
"Astronesthes niger","Stomiidae","Astronesthes","Species"
"Evermannella balbo","Evermannellidae","Evermannella","Species"
"Poecilopsetta beanii","Pleuronectidae","Poecilopsetta","Species"
"Gaidropsarus granti","Lotidae","Gaidropsarus","Species"
"Isurus oxyrinchus","Lamnidae","Isurus","Species"
"Remora remora","Echeneidae","Remora","Species"
"Lampanyctus intricarius","Myctophidae","Lampanyctus","Species"
"Ichthyococcus ovatus","Phosichthyidae","Ichthyococcus","Species"
"Neoraja caerulea","Rajidae","Neoraja","Species"
"Diaphus dumerilii","Myctophidae","Diaphus","Species"
"Auxis rochei","Scombridae","Auxis","Species"
"Facciolella oxyrhynchus","Nettastomatidae","Facciolella","Species"
"Umbrina cirrosa","Sciaenidae","Umbrina","Species"
"Benthosema","Myctophidae","Benthosema","Genus"
"Congridae","Congridae",NA,"Family"
"Protomyctophum arcticum","Myctophidae","Protomyctophum","Species"
"Gonostomatidae","Gonostomatidae",NA,"Family"
"Epigonus","Epigonidae","Epigonus","Genus"
"Synaphobranchidae","Synaphobranchidae",NA,"Family"
"Microchirus theophila","Soleidae","Microchirus","Species"
"Cyclothone","Gonostomatidae","Cyclothone","Genus"
"Remora brachyptera","Echeneidae","Remora","Species"
"Rajella","Rajidae","Rajella","Genus"
"Antigonia capros","Caproidae","Antigonia","Species"
"Breviraja","Rajidae","Breviraja","Genus"
"Cubiceps gracilis","Nomeidae","Cubiceps","Species"
"Lobianchia dofleini","Myctophidae","Lobianchia","Species"
"Epigonus constanciae","Epigonidae","Epigonus","Species"
"Dysomma brevirostre","Synaphobranchidae","Dysomma","Species"
"Lesueurigobius suerii","Gobiidae","Lesueurigobius","Species"
"Benthodesmus simonyi","Trichiuridae","Benthodesmus","Species"
"Ophichthus rufus","Ophichthidae","Ophichthus","Species"
"Pomatomus saltatrix","Pomatomidae","Pomatomus","Species"
"Pomadasys incisus","Haemulidae","Pomadasys","Species"
"Zenion hololepis","Zeniontidae","Zenion","Species"
"Callionymus risso","Callionymidae","Callionymus","Species"
"Halobatrachus didactylus","Batrachoididae","Halobatrachus","Species"
"Stromateus fiatola","Stromateidae","Stromateus","Species"
"Sphyraena sphyraena","Sphyraenidae","Sphyraena","Species"
"Bathytoshia centroura","Dasyatidae","Bathytoshia","Species"
"Aetomylaeus bovinus","Myliobatidae","Aetomylaeus","Species"
"Microchirus ocellatus","Soleidae","Microchirus","Species"
"Sardinella aurita","Dorosomatidae","Sardinella","Species"
"Lobianchia","Myctophidae","Lobianchia","Genus"
"Plectorhinchus mediterraneus","Haemulidae","Plectorhinchus","Species"
"Notoscopelus bolini","Myctophidae","Notoscopelus","Species"
"Ruvettus pretiosus","Gempylidae","Ruvettus","Species"
"Notoscopelus elongatus","Myctophidae","Notoscopelus","Species"
"Valenciennellus tripunctulatus","Sternoptychidae","Valenciennellus","Species"
"Setarches guentheri","Setarchidae","Setarches","Species"
